{
  "configVersion": 1,
  "timestamp": 1642951135064,
  "index": "/index.html",
  "assetGroups": [
    {
      "name": "app",
      "installMode": "prefetch",
      "updateMode": "prefetch",
      "cacheQueryOptions": {
        "ignoreVary": true
      },
      "urls": [
        "/favicon.ico",
        "/index.html",
        "/main.f8cabd47f0caa5f4.js",
        "/manifest.webmanifest",
        "/polyfills.a2fa27c24eb5c3c6.js",
        "/runtime.0ab727cd7fe99d94.js",
        "/styles.354ee68d3aedb052.css"
      ],
      "patterns": []
    },
    {
      "name": "assets",
      "installMode": "lazy",
      "updateMode": "prefetch",
      "cacheQueryOptions": {
        "ignoreVary": true
      },
      "urls": [
        "/Roboto-300.0e01b6cd13b3857f.woff2",
        "/Roboto-300.603ca9a537b88428.woff",
        "/Roboto-300.6c0fea71d0542cdb.ttf",
        "/Roboto-400.475ba9e4e2d63456.woff2",
        "/Roboto-400.83f6acca8a27a93c.ttf",
        "/Roboto-400.bcefbfee882bc1cb.woff",
        "/Roboto-500.457532032ceb0168.woff2",
        "/Roboto-500.6e1ae5f0b324a0aa.woff",
        "/Roboto-500.de4cbf7a2334c617.ttf",
        "/Roboto-700.447291a88c067396.woff2",
        "/Roboto-700.f7aa49713d0a54c5.ttf",
        "/Roboto-700.fc482e6133cf5e26.woff",
        "/assets/icons/icon-128x128.png",
        "/assets/icons/icon-144x144.png",
        "/assets/icons/icon-152x152.png",
        "/assets/icons/icon-192x192.png",
        "/assets/icons/icon-384x384.png",
        "/assets/icons/icon-512x512.png",
        "/assets/icons/icon-72x72.png",
        "/assets/icons/icon-96x96.png",
        "/assets/images/01.png",
        "/assets/images/02.png",
        "/assets/images/03.jpg",
        "/assets/images/04.jpg",
        "/assets/styles/_class.scss",
        "/assets/styles/_global.scss",
        "/assets/styles/_media.scss",
        "/assets/styles/_theme.scss",
        "/assets/styles/_variables.scss",
        "/dxiconsmaterial.4fbd12445891f41b.woff2",
        "/dxiconsmaterial.c736714c16d6fe9a.woff",
        "/dxiconsmaterial.f183073a68647ffc.ttf"
      ],
      "patterns": []
    }
  ],
  "dataGroups": [],
  "hashTable": {
    "/Roboto-300.0e01b6cd13b3857f.woff2": "6b773b76e0a6708ee4040733cd0c83278543864a",
    "/Roboto-300.603ca9a537b88428.woff": "3ea2c95e21cc88d82bb111c99883484c64d657db",
    "/Roboto-300.6c0fea71d0542cdb.ttf": "73a2bb2d6e591a90ffb4ed118a3989fb17b54c7b",
    "/Roboto-400.475ba9e4e2d63456.woff2": "463a07f5c66bf14e6d9d6e0f6d5e3fd3cb11f4ec",
    "/Roboto-400.83f6acca8a27a93c.ttf": "dd1b1db13ff1f72138c134c62f38fef83749f36a",
    "/Roboto-400.bcefbfee882bc1cb.woff": "96eca9934dff83a12371dd54fc6c1bf29256815a",
    "/Roboto-500.457532032ceb0168.woff2": "e24a020df79c6ce3bcc4a6a33930f697b8e1d6b2",
    "/Roboto-500.6e1ae5f0b324a0aa.woff": "3caf9bcd149c12e6abfe03d309e931d4ca22d4a8",
    "/Roboto-500.de4cbf7a2334c617.ttf": "5f16f4d6dbb4a4f12d8ae96488ac209bb49762a5",
    "/Roboto-700.447291a88c067396.woff2": "977c5749fd06192dac5224811ed69e53a6b2b47d",
    "/Roboto-700.f7aa49713d0a54c5.ttf": "0ce37ced9c5fcac9bdc452a432c1258870ba4677",
    "/Roboto-700.fc482e6133cf5e26.woff": "e4774be50a91e83c4fdc647e27342d03a29fd215",
    "/assets/icons/icon-128x128.png": "dae3b6ed49bdaf4327b92531d4b5b4a5d30c7532",
    "/assets/icons/icon-144x144.png": "b0bd89982e08f9bd2b642928f5391915b74799a7",
    "/assets/icons/icon-152x152.png": "7479a9477815dfd9668d60f8b3b2fba709b91310",
    "/assets/icons/icon-192x192.png": "1abd80d431a237a853ce38147d8c63752f10933b",
    "/assets/icons/icon-384x384.png": "329749cd6393768d3131ed6304c136b1ca05f2fd",
    "/assets/icons/icon-512x512.png": "559d9c4318b45a1f2b10596bbb4c960fe521dbcc",
    "/assets/icons/icon-72x72.png": "c457e56089a36952cd67156f9996bc4ce54a5ed9",
    "/assets/icons/icon-96x96.png": "3914125a4b445bf111c5627875fc190f560daa41",
    "/assets/images/01.png": "1c562699ac688cf0a2787baf81f7c5caac871a4a",
    "/assets/images/02.png": "e3fc6e377eeeb9e10d96772f5b19e174edbbd41c",
    "/assets/images/03.jpg": "ee0f1a99c9e91827ae15cfd97eebb83789a56fd4",
    "/assets/images/04.jpg": "e0cde0e77a41ade1146264edd0d591da685e687f",
    "/assets/styles/_class.scss": "9014802efe89073d4c2120194360879e99fb724b",
    "/assets/styles/_global.scss": "7b04e3866c2659f1ff549ae2e99e79e022e23e19",
    "/assets/styles/_media.scss": "0170fa9ebea9589753b1292b9bbf6d9549ea9016",
    "/assets/styles/_theme.scss": "f7cca528dfc1421c22521f986c3323bcb5122df2",
    "/assets/styles/_variables.scss": "6e02688a66cc4a302705644d93f610eaef8b81c4",
    "/dxiconsmaterial.4fbd12445891f41b.woff2": "6f28d2ea7243a8c9a620770e60bdd06a7bf76bb2",
    "/dxiconsmaterial.c736714c16d6fe9a.woff": "2a68900ad91d690c350852f5f386cf952b4f80a5",
    "/dxiconsmaterial.f183073a68647ffc.ttf": "4946825647d6a204682f26076e4fed8ffeb39342",
    "/favicon.ico": "22f6a4a3bcaafafb0254e0f2fa4ceb89e505e8b2",
    "/index.html": "eb35635e8edb8eb06315fb6b7b7adb876a3f0777",
    "/main.f8cabd47f0caa5f4.js": "efde41a685eb390201e569cc200327898dacf6d9",
    "/manifest.webmanifest": "6b62d8eb088057c3d3e379fb657d4b537238aadb",
    "/polyfills.a2fa27c24eb5c3c6.js": "e34603d5073a301cb3653076417d4593e11bf2bd",
    "/runtime.0ab727cd7fe99d94.js": "7fc79ea27fdf7bbc8806e545d9b94b1d6632ae2f",
    "/styles.354ee68d3aedb052.css": "f9a22c11097878e851a6ea77c87c0ad40674d19f"
  },
  "navigationUrls": [
    {
      "positive": true,
      "regex": "^\\/.*$"
    },
    {
      "positive": false,
      "regex": "^\\/(?:.+\\/)?[^/]*\\.[^/]*$"
    },
    {
      "positive": false,
      "regex": "^\\/(?:.+\\/)?[^/]*__[^/]*$"
    },
    {
      "positive": false,
      "regex": "^\\/(?:.+\\/)?[^/]*__[^/]*\\/.*$"
    }
  ],
  "navigationRequestStrategy": "performance"
}